url,popularity_rank,category,overall_rank
www.ebay.com,40,Top/Shopping/Auctions,39
gaslightconversions.com.s3-website-us-east-1.amazonaws.com,874798,Top/Shopping/Home_and_Garden,120
deetfree.co.s3-website-us-west-2.amazonaws.com,874798,Top/Shopping/Recreation,120
www.etsy.com,148,Top/Shopping/Crafts,182
www.redbubble.com,795,Top/Shopping/Visual_Arts,1383
www.autotrader.com,925,Top/Shopping/Vehicles,1654
shop.nationalgeographic.com,32025,Top/Shopping/Recreation,1803
www.bedbathandbeyond.com,983,Top/Shopping/General_Merchandise,1861
www.barnesandnoble.com,1159,Top/Shopping/Entertainment,2227
www.samsclub.com,1343,Top/Shopping/General_Merchandise,2570
www.bookstore.virginia.edu,881919,Top/Shopping/Sports,4205
antiquestocks.stores.yahoo.net,896050,Top/Shopping/Antiques_and_Collectibles,5284
yhst-66840478078428.stores.yahoo.net,896050,Top/Shopping/Antiques_and_Collectibles,5284
sanctuarie-net.stores.yahoo.net,598432,Top/Shopping/Clothing,5284
carolinaleatherworks.stores.yahoo.net,814815,Top/Shopping/Clothing,5284
88-bags.stores.yahoo.net,896050,Top/Shopping/Clothing,5284
avmounts.stores.yahoo.net,896050,Top/Shopping/Consumer_Electronics,5284
hamiltonholtinc.stores.yahoo.net,387681,Top/Shopping/Entertainment,5284
cdrack.stores.yahoo.net,896050,Top/Shopping/Entertainment,5284
continuum.stores.yahoo.net,896050,Top/Shopping/Entertainment,5284
mariescandies.stores.yahoo.net,896050,Top/Shopping/Food,5284
rebeccaruth.stores.yahoo.net,896050,Top/Shopping/Food,5284
tea-room.stores.yahoo.net,896050,Top/Shopping/Food,5284
gerdaspillmann.stores.yahoo.net,896050,Top/Shopping/Health,5284
americanherbs.stores.yahoo.net,896050,Top/Shopping/Health,5284
islandhe.stores.yahoo.net,896050,Top/Shopping/Health,5284
2001perfumes.stores.yahoo.net,896050,Top/Shopping/Health,5284
galafutonsandfurniture.stores.yahoo.net,438911,Top/Shopping/Home_and_Garden,5284
undertheroof.stores.yahoo.net,691061,Top/Shopping/Home_and_Garden,5284
candle-scape.stores.yahoo.net,896050,Top/Shopping/Home_and_Garden,5284
capeannieslight-store.stores.yahoo.net,896050,Top/Shopping/Home_and_Garden,5284
citywidesecurity.stores.yahoo.net,896050,Top/Shopping/Home_and_Garden,5284
clock-watch.stores.yahoo.net,896050,Top/Shopping/Home_and_Garden,5284
yhst-46389708393998.stores.yahoo.net,896050,Top/Shopping/Home_and_Garden,5284
schoolstationers.stores.yahoo.net,896050,Top/Shopping/Office_Products,5284
familycrests.stores.yahoo.net,896050,Top/Shopping/Recreation,5284
unicornwings.stores.yahoo.net,896050,Top/Shopping/Recreation,5284
americaismakingit.stores.yahoo.net,540829,Top/Shopping/Sports,5284
123skateboard.stores.yahoo.net,896050,Top/Shopping/Sports,5284
all-pro-authentics.stores.yahoo.net,896050,Top/Shopping/Sports,5284
yhst-70974384877133.stores.yahoo.net,896050,Top/Shopping/Sports,5284
wescoperformance.stores.yahoo.net,896050,Top/Shopping/Sports,5284
bestwoodtools.stores.yahoo.net,896050,Top/Shopping/Tools,5284
clarkart.stores.yahoo.net,896050,Top/Shopping/Visual_Arts,5284
www.orientaltrading.com,4574,Top/Shopping/General_Merchandise,10529
sbradyman.angelfire.com,504187,Top/Shopping/Entertainment,11981
spacecraftcreationmodels.angelfire.com,901820,Top/Shopping/Recreation,11981
www.cafepress.com,5017,Top/Shopping/General_Merchandise,13118
www.cratejoy.com,8306,Top/Shopping/Gifts,24162
www.lanebryant.com,9891,Top/Shopping/Clothing,27193
catherines.lanebryant.com,905593,Top/Shopping/Clothing,27193
www.ha.com,10695,Top/Shopping/Auctions,32130
sahalie.blair.com,78610,Top/Shopping/Clothing,34996
normthompson.blair.com,83801,Top/Shopping/Clothing,34996
appleseeds.blair.com,91071,Top/Shopping/Clothing,34996
wintersilks.blair.com,103426,Top/Shopping/Clothing,34996
drapers.blair.com,110041,Top/Shopping/Clothing,34996
togshop.blair.com,165525,Top/Shopping/Clothing,34996
haband.blair.com,907853,Top/Shopping/Clothing,34996
goldviolin.blair.com,113145,Top/Shopping/General_Merchandise,34996
linensource.blair.com,907853,Top/Shopping/Home_and_Garden,34996
solanaseeds.netfirms.com,239655,Top/Shopping/Home_and_Garden,35360
pestcontrol.netfirms.com,908191,Top/Shopping/Home_and_Garden,35360
aladdinrugs.netfirms.com,908191,Top/Shopping/Home_and_Garden,35360
knapps-fresh-vegies.netfirms.com,908191,Top/Shopping/Home_and_Garden,35360
guppiesbystanshubel.netfirms.com,441618,Top/Shopping/Pets,35360
raysknives.netfirms.com,908191,Top/Shopping/Recreation,35360
sdksupplies.netfirms.com,299751,Top/Shopping/Sports,35360
www.iboats.com,12261,Top/Shopping/Vehicles,42840
melinda-horses-r-art.pixels.com,910421,Top/Shopping/Sports,50955
exagger-art.pixels.com,794379,Top/Shopping/Visual_Arts,50955
sweetpgifts.moonfruit.com,777735,Top/Shopping/Children,89229
www.ashmanfineart.moonfruit.com,919202,Top/Shopping/Visual_Arts,89229
kaluga.moonfruit.com,919202,Top/Shopping/Visual_Arts,89229
www.musicstack.com,28822,Top/Shopping/Entertainment,89555
adrenalinejoe.50megs.com,920458,Top/Shopping/Clothing,97157
chantalstainedglass.50megs.com,369647,Top/Shopping/Crafts,97157
www.brianswoodwork.50megs.com,920458,Top/Shopping/Crafts,97157
creationsbyzap.50megs.com,920458,Top/Shopping/Crafts,97157
decoupagebyvera.50megs.com,920458,Top/Shopping/Crafts,97157
lucettelady.50megs.com,920458,Top/Shopping/Crafts,97157
earlytr.50megs.com,920458,Top/Shopping/Home_and_Garden,97157
www.beads-and-braids.50megs.com,920458,Top/Shopping/Jewelry,97157
pins.50megs.com,920458,Top/Shopping/Jewelry,97157
www.petite-properties.50megs.com,920458,Top/Shopping/Recreation,97157
arabianhalters.50megs.com,920458,Top/Shopping/Sports,97157
www.mmstreetsnow.50megs.com,920458,Top/Shopping/Sports,97157
www.skategear.50megs.com,920458,Top/Shopping/Sports,97157
smelliepuck.50megs.com,920458,Top/Shopping/Sports,97157
thebuggyshop.50megs.com,470663,Top/Shopping/Vehicles,97157
nfltrailers.50megs.com,920458,Top/Shopping/Vehicles,97157
www.derekmccrea.50megs.com,827540,Top/Shopping/Visual_Arts,97157
sharonsheley.50megs.com,920458,Top/Shopping/Visual_Arts,97157
hobby2me.freeservers.com,923356,Top/Shopping/Antiques_and_Collectibles,115291
www.bestsigns.freeservers.com,923356,Top/Shopping/Antiques_and_Collectibles,115291
busybeaver.freeservers.com,923356,Top/Shopping/Clothing,115291
tonyfox.freeservers.com,923356,Top/Shopping/Clothing,115291
strangesmiles.freeservers.com,923356,Top/Shopping/Clothing,115291
www.santadolls.freeservers.com,923356,Top/Shopping/Crafts,115291
blossomsandblooms.freeservers.com,923356,Top/Shopping/Crafts,115291
cloudnine.freeservers.com,923356,Top/Shopping/Crafts,115291
craftconcepts.freeservers.com,923356,Top/Shopping/Crafts,115291
www.craftdecor.freeservers.com,923356,Top/Shopping/Crafts,115291
www.foreverinbluejeans.freeservers.com,923356,Top/Shopping/Crafts,115291
needleart.freeservers.com,923356,Top/Shopping/Crafts,115291
moosebstitchin.freeservers.com,923356,Top/Shopping/Crafts,115291
www.oranaoriginals.freeservers.com,923356,Top/Shopping/Crafts,115291
setinstone.freeservers.com,923356,Top/Shopping/Crafts,115291
www.shopatalienbishoujo.freeservers.com,923356,Top/Shopping/Entertainment,115291
www.thedancestore.freeservers.com,923356,Top/Shopping/Entertainment,115291
partylites.freeservers.com,923356,Top/Shopping/Entertainment,115291
maxwell.freeservers.com,923356,Top/Shopping/Ethnic_and_Regional,115291
artificialpalm.freeservers.com,923356,Top/Shopping/Flowers,115291
aagreentea.freeservers.com,923356,Top/Shopping/Food,115291
www.carib.freeservers.com,923356,Top/Shopping/Food,115291
www.cdneiber.freeservers.com,923356,Top/Shopping/Gifts,115291
personalizedrhymingpoetrybyrod.freeservers.com,923356,Top/Shopping/Gifts,115291
herbsforhealth.freeservers.com,923356,Top/Shopping/Health,115291
lil-necessities.freeservers.com,923356,Top/Shopping/Health,115291
www.anotherbrightidea.freeservers.com,923356,Top/Shopping/Home_and_Garden,115291
gotwood.freeservers.com,923356,Top/Shopping/Home_and_Garden,115291
www.funarture.freeservers.com,923356,Top/Shopping/Home_and_Garden,115291
www.justcandlez.freeservers.com,923356,Top/Shopping/Home_and_Garden,115291
millhollow.freeservers.com,923356,Top/Shopping/Home_and_Garden,115291
www.wickensnuffers.freeservers.com,923356,Top/Shopping/Home_and_Garden,115291
joywave.freeservers.com,923356,Top/Shopping/Niche,115291
www.bestguppies.freeservers.com,923356,Top/Shopping/Pets,115291
www.dogbehaviouradvice.freeservers.com,923356,Top/Shopping/Pets,115291
surfacematrix.freeservers.com,923356,Top/Shopping/Publications,115291
www.gamefishposters.freeservers.com,923356,Top/Shopping/Recreation,115291
qualityshipworks.freeservers.com,923356,Top/Shopping/Recreation,115291
rallybits.freeservers.com,923356,Top/Shopping/Sports,115291
www.paigespiggies.freeservers.com,923356,Top/Shopping/Toys_and_Games,115291
acphoto.freeservers.com,923356,Top/Shopping/Visual_Arts,115291
davidsholl.freeservers.com,923356,Top/Shopping/Visual_Arts,115291
domaldesigns.freeservers.com,923356,Top/Shopping/Visual_Arts,115291
www.jpjgalleries.freeservers.com,923356,Top/Shopping/Visual_Arts,115291
www.pennysportraits.freeservers.com,923356,Top/Shopping/Visual_Arts,115291
bridalshop.freeservers.com,923356,Top/Shopping/Weddings,115291
imageoneuniforms.espwebsite.com,923248,Top/Shopping/Clothing,134885
powerpromotionsinc.espwebsite.com,923248,Top/Shopping/General_Merchandise,134885
yarniverse.corecommerce.com,925164,Top/Shopping/Crafts,140209
tannensmagic.corecommerce.com,242786,Top/Shopping/Entertainment,140209
www.romyn.plus.com,929959,Top/Shopping/Antiques_and_Collectibles,173830
www.toylink.plus.com,929959,Top/Shopping/Antiques_and_Collectibles,173830
www.jolaglass.plus.com,929959,Top/Shopping/Crafts,173830
www.annegale.plus.com,929959,Top/Shopping/Crafts,173830
www.markhyde.plus.com,929959,Top/Shopping/Toys_and_Games,173830
magnoliaantiques.hypermart.net,930260,Top/Shopping/Antiques_and_Collectibles,186938
pegboardcrafts.hypermart.net,930260,Top/Shopping/Crafts,186938
csis.hypermart.net,930260,Top/Shopping/Flowers,186938
katholkreations.hypermart.net,930260,Top/Shopping/Sports,186938
nosfordltd.hypermart.net,930260,Top/Shopping/Vehicles,186938
sundayandsunday.patternbyetsy.com,929943,Top/Shopping/Antiques_and_Collectibles,207536
modernhouseart.patternbyetsy.com,929943,Top/Shopping/Visual_Arts,207536
www.pams.20m.com,938056,Top/Shopping/Clothing,259318
adorablevacuumcleanercovers.20m.com,938056,Top/Shopping/Crafts,259318
justbyjan.20m.com,938056,Top/Shopping/Crafts,259318
www.mountaineermillworks.20m.com,938056,Top/Shopping/Crafts,259318
www.squeakyclean.20m.com,938056,Top/Shopping/Crafts,259318
2dalestickettrader.20m.com,938056,Top/Shopping/Entertainment,259318
janegallery.20m.com,938056,Top/Shopping/Gifts,259318
www.planningbaby.20m.com,938056,Top/Shopping/Health,259318
noblecompanies.20m.com,938056,Top/Shopping/Health,259318
creativeflowersnbutterflies.20m.com,938056,Top/Shopping/Home_and_Garden,259318
topsorchid.20m.com,938056,Top/Shopping/Home_and_Garden,259318
www.foreigntreasures.20m.com,938056,Top/Shopping/Jewelry,259318
www.atlaspub.20m.com,412753,Top/Shopping/Publications,259318
www.snowvalley.20m.com,938056,Top/Shopping/Vehicles,259318
waynepeterson.20m.com,938056,Top/Shopping/Visual_Arts,259318
shanemoorephoto.20m.com,938056,Top/Shopping/Visual_Arts,259318
sketchymemories.20m.com,938056,Top/Shopping/Visual_Arts,259318
homunnies.faithweb.com,940224,Top/Shopping/Crafts,265000
www.gobelins.faithweb.com,940224,Top/Shopping/Crafts,265000
swdesigns.faithweb.com,940224,Top/Shopping/Ethnic_and_Regional,265000
www.signsofromance.faithweb.com,940224,Top/Shopping/Home_and_Garden,265000
www.ruthellens.faithweb.com,940224,Top/Shopping/Recreation,265000
www.chillaquip.freeuk.com,941927,Top/Shopping/Pets,389509
www.covers.freeuk.com,941927,Top/Shopping/Publications,389509
www.almostabstract.freeuk.com,941927,Top/Shopping/Visual_Arts,389509
dotcomqueen.0catch.com,947649,Top/Shopping/Home_and_Garden,391360
studbookservice.0catch.com,947649,Top/Shopping/Pets,391360
diy.0catch.com,947649,Top/Shopping/Publications,391360
www.blackjack.0catch.com,947649,Top/Shopping/Recreation,391360
www.milmod-hobbies.0catch.com,947649,Top/Shopping/Toys_and_Games,391360
www.printswell.com,79054,Top/Shopping/Gifts,409130
www.joyfulmemories.itgo.com,946002,Top/Shopping/Crafts,412668
wirerap.itgo.com,946002,Top/Shopping/Crafts,412668
rossrecords.itgo.com,946002,Top/Shopping/Entertainment,412668
powerwarders.itgo.com,946002,Top/Shopping/Health,412668
www.e-sensiblescents.itgo.com,946002,Top/Shopping/Health,412668
weight.itgo.com,946002,Top/Shopping/Health,412668
classicj.itgo.com,946002,Top/Shopping/Jewelry,412668
comanche250.itgo.com,946002,Top/Shopping/Vehicles,412668
www.katadyn.com,78676,Top/Shopping/Recreation,426821
patamb.supanet.com,943135,Top/Shopping/Children,454406
www.monicafrowen.supanet.com,943135,Top/Shopping/Crafts,454406
jacksvideos.8m.net,944774,Top/Shopping/Entertainment,459972
spiritual-artist.8m.net,944774,Top/Shopping/Visual_Arts,459972
bethanysboutique.virtualave.net,951942,Top/Shopping/Clothing,504218
snowrake.virtualave.net,951942,Top/Shopping/Vehicles,504218
rpsobek.virtualave.net,951942,Top/Shopping/Visual_Arts,504218
www.delcampe.com,124983,Top/Shopping/Auctions,504924
www.artspan.com,113452,Top/Shopping/Visual_Arts,586289
blisshome.bridgecatalog.com,942485,Top/Shopping/General_Merchandise,592605
robmcintosh.bridgecatalog.com,942485,Top/Shopping/Home_and_Garden,592605
www.officer.8m.com,957121,Top/Shopping/Clothing,717107
religious-intarsia.8m.com,957121,Top/Shopping/Crafts,717107
crochetadventure.8m.com,957121,Top/Shopping/Crafts,717107
earthenvessel.8m.com,957121,Top/Shopping/Crafts,717107
dollclothes.8m.com,957121,Top/Shopping/Crafts,717107
www.mountainmorningquilts.8m.com,957121,Top/Shopping/Crafts,717107
playgroundpatterns.8m.com,957121,Top/Shopping/Crafts,717107
www.prairiestamper.8m.com,957121,Top/Shopping/Crafts,717107
rkcreations.8m.com,957121,Top/Shopping/Crafts,717107
www.blackworkstitchplus.8m.com,957121,Top/Shopping/Crafts,717107
kittygift.8m.com,957121,Top/Shopping/Entertainment,717107
muzicmania.8m.com,957121,Top/Shopping/Entertainment,717107
usaanime.8m.com,957121,Top/Shopping/Entertainment,717107
www.photocards.8m.com,957121,Top/Shopping/Gifts,717107
sangitacards.8m.com,957121,Top/Shopping/Gifts,717107
www.specialtynames.8m.com,957121,Top/Shopping/Gifts,717107
clothdiapers.8m.com,957121,Top/Shopping/Health,717107
www.bodyarts.8m.com,957121,Top/Shopping/Health,717107
cycadjungle.8m.com,957121,Top/Shopping/Home_and_Garden,717107
www.dudleysclocks.8m.com,957121,Top/Shopping/Home_and_Garden,717107
www.candlehouse.8m.com,957121,Top/Shopping/Home_and_Garden,717107
www.kcmwoodcrafts.8m.com,957121,Top/Shopping/Home_and_Garden,717107
oaktree.8m.com,957121,Top/Shopping/Home_and_Garden,717107
www.grillcovers.8m.com,957121,Top/Shopping/Home_and_Garden,717107
spi.8m.com,957121,Top/Shopping/Home_and_Garden,717107
www.elegantpet.8m.com,957121,Top/Shopping/Pets,717107
dinetteforyourpet.8m.com,957121,Top/Shopping/Pets,717107
fenton.8m.com,957121,Top/Shopping/Publications,717107
allergies.8m.com,957121,Top/Shopping/Publications,717107
auswhiteboards.8m.com,957121,Top/Shopping/Sports,717107
solutionskateboards.8m.com,957121,Top/Shopping/Sports,717107
hessyworld.8m.com,957121,Top/Shopping/Toys_and_Games,717107
www.copperryeart.8m.com,957121,Top/Shopping/Visual_Arts,717107
joannejames.8m.com,957121,Top/Shopping/Visual_Arts,717107
dreamscapegallery.8m.com,957121,Top/Shopping/Visual_Arts,717107
www.junoseyes.8m.com,957121,Top/Shopping/Visual_Arts,717107
artcorner.8m.com,957121,Top/Shopping/Visual_Arts,717107
www.foreverfriends.freewebspace.com,951821,Top/Shopping/Crafts,747448
shallnotworry.freewebspace.com,951821,Top/Shopping/Publications,747448
www.pottyproductions.freewebspace.com,951821,Top/Shopping/Recreation,747448
www.woodys.freewebspace.com,951821,Top/Shopping/Recreation,747448
hear.4mg.com,961250,Top/Shopping/Health,804040
www.marcheseprocars.4mg.com,961250,Top/Shopping/Sports,804040
maggiejones.20fr.com,962272,Top/Shopping/Crafts,900686
www.recoverygifts.20fr.com,962272,Top/Shopping/Health,900686
megsminis.20fr.com,962272,Top/Shopping/Recreation,900686
aa-studio.20fr.com,962272,Top/Shopping/Visual_Arts,900686
harvestmoon.scriptmania.com,944330,Top/Shopping/Home_and_Garden,914593
www.reptizone.scriptmania.com,944330,Top/Shopping/Pets,914593
cosmos-music.htmlplanet.com,952825,Top/Shopping/Entertainment,945600
sculpturesinstoneware.htmlplanet.com,952825,Top/Shopping/Home_and_Garden,945600
www.wanderingdancer.htmlplanet.com,952825,Top/Shopping/Jewelry,945600
kevinmartin.wcha.org,2449417,Top/Shopping/Sports,1003998
mcfarlandlake.wcha.org,2449417,Top/Shopping/Sports,1003998
www.chainsawcarving.f9.co.uk,945833,Top/Shopping/Crafts,1064100
www.paulskoi.f9.co.uk,945833,Top/Shopping/Home_and_Garden,1064100
www.oatas.f9.co.uk,945833,Top/Shopping/Office_Products,1064100
www.lancenich.f9.co.uk,945833,Top/Shopping/Recreation,1064100
www.wormmail.free-online.co.uk,949433,Top/Shopping/Crafts,1154795
www.rprrecords.free-online.co.uk,949433,Top/Shopping/Entertainment,1154795
www.arizona.free-online.co.uk,599855,Top/Shopping/Health,1154795
www.brianjones.free-online.co.uk,949433,Top/Shopping/Recreation,1154795
jobi.bizhosting.com,956852,Top/Shopping/Antiques_and_Collectibles,1391688
www.widdlewuv.bizhosting.com,956852,Top/Shopping/Children,1391688
www.formal.bizhosting.com,956852,Top/Shopping/Clothing,1391688
www.nativeamericandanceoutfits.bizhosting.com,956852,Top/Shopping/Clothing,1391688
woodcrafts.bizhosting.com,956852,Top/Shopping/Crafts,1391688
www.crzcreations.bizhosting.com,956852,Top/Shopping/Crafts,1391688
familytreetoys.bizhosting.com,956852,Top/Shopping/Crafts,1391688
www.tadajewels.bizhosting.com,956852,Top/Shopping/Crafts,1391688
wiremedesigns.bizhosting.com,956852,Top/Shopping/Crafts,1391688
www.cdrepairs.bizhosting.com,956852,Top/Shopping/Entertainment,1391688
turntablerecords.bizhosting.com,956852,Top/Shopping/Entertainment,1391688
bluesmoke.bizhosting.com,956852,Top/Shopping/Gifts,1391688
terniquesbaskets.bizhosting.com,956852,Top/Shopping/Gifts,1391688
www.bellalunaboutique.bizhosting.com,956852,Top/Shopping/Health,1391688
highsierrasoapcompany.bizhosting.com,956852,Top/Shopping/Health,1391688
menulife.bizhosting.com,956852,Top/Shopping/Health,1391688
www.savagegoddesssoaps.bizhosting.com,956852,Top/Shopping/Health,1391688
www.singingheartsoap.bizhosting.com,956852,Top/Shopping/Health,1391688
www.brceramics.bizhosting.com,956852,Top/Shopping/Home_and_Garden,1391688
www.artlampshades.bizhosting.com,956852,Top/Shopping/Home_and_Garden,1391688
moondropsdidges.bizhosting.com,956852,Top/Shopping/Music,1391688
hootgibsonsdogcollarsetc.bizhosting.com,956852,Top/Shopping/Pets,1391688
www.hyperprod.bizhosting.com,956852,Top/Shopping/Recreation,1391688
sycamoreisland.bizhosting.com,956852,Top/Shopping/Recreation,1391688
www.fencing-equipment.bizhosting.com,956852,Top/Shopping/Sports,1391688
8paceart.bizhosting.com,956852,Top/Shopping/Visual_Arts,1391688
www.michaelenglishstudio.bizhosting.com,956852,Top/Shopping/Visual_Arts,1391688
www.sewverycreative.bravepages.com,960045,Top/Shopping/Crafts,1656178
artcardsbypat.bravepages.com,960045,Top/Shopping/Gifts,1656178
greatgoods2.bravepages.com,960045,Top/Shopping/Vehicles,1656178
daanlemaire.exto.org,955176,Top/Shopping/Visual_Arts,1734609
paulwerner.exto.org,955176,Top/Shopping/Visual_Arts,1734609
orientcrafts.safewebshop.com,952915,Top/Shopping/Ethnic_and_Regional,1788759
www.smiths.safewebshop.com,952915,Top/Shopping/Gifts,1788759
www.livklinenaturals.safewebshop.com,952915,Top/Shopping/Health,1788759
www.stitchesgalore.s5.com,963084,Top/Shopping/Children,2375301
talkaboutantennas.s5.com,963084,Top/Shopping/Consumer_Electronics,2375301
sandsstudio.s5.com,963084,Top/Shopping/Crafts,2375301
easycostumejewelry.freehosting.net,962718,Top/Shopping/Jewelry,2434627
usedbooks.freehosting.net,962718,Top/Shopping/Publications,2434627
www.lizardcages.fws1.com,956314,Top/Shopping/Pets,2459051
balance.fws1.com,956314,Top/Shopping/Publications,2459051
gooseboutique.pages.qpg.com,2450072,Top/Shopping/Home_and_Garden,2542847
www.greenpower.qpg.com,2450072,Top/Shopping/Home_and_Garden,2542847
www.cyrlin.freeserve.co.uk,962999,Top/Shopping/Antiques_and_Collectibles,2606815
www.canga.freeserve.co.uk,962999,Top/Shopping/Clothing,2606815
www.wellwoodbears.freeserve.co.uk,962999,Top/Shopping/Crafts,2606815
www.lostinmusic.freeserve.co.uk,962999,Top/Shopping/Entertainment,2606815
www.johnross93.freeserve.co.uk,962999,Top/Shopping/Entertainment,2606815
www.dpsoftware.freeserve.co.uk,962999,Top/Shopping/Entertainment,2606815
www.mrpottery.freeserve.co.uk,962999,Top/Shopping/Home_and_Garden,2606815
www.rosecottage20.freeserve.co.uk,962999,Top/Shopping/Jewelry,2606815
www.wright16.freeserve.co.uk,962999,Top/Shopping/Pets,2606815
www.ternans.freeserve.co.uk,962999,Top/Shopping/Recreation,2606815
www.atchintan.freeserve.co.uk,962999,Top/Shopping/Sports,2606815
www.rgore.freeserve.co.uk,962999,Top/Shopping/Sports,2606815
www.northerntint.com,415600,Top/Shopping/Vehicles,2667156
www.rossetti.vispa.com,959894,Top/Shopping/Clothing,3100669
www.karaokeuk.vispa.com,959894,Top/Shopping/Music,3100669
www.leeleescreations.shoppingcartsplus.com,962194,Top/Shopping/General_Merchandise,3121207
kimberlyphoto.shoppingcartsplus.com,962194,Top/Shopping/Jewelry,3121207
abbettracing.00go.com,2450059,Top/Shopping/Sports,3471345
legros-watercolour.00go.com,2450059,Top/Shopping/Visual_Arts,3471345
www.ricostreasures.20megsfree.com,2451704,Top/Shopping/Children,3571645
stopshopandcrop.20megsfree.com,2451704,Top/Shopping/Crafts,3571645
noblecheer.stormpages.com,2452363,Top/Shopping/Crafts,4419860
lilypad.stormpages.com,2452363,Top/Shopping/Jewelry,4419860
pointshop.com,545027,Top/Shopping/Directories,6777825
www.bestbudsgarden.pointshop.com,2451757,Top/Shopping/Tools,6777825
www.aythirdesigns.theshoppe.com,962061,Top/Shopping/Clothing,7022113
tillientots.theshoppe.com,962061,Top/Shopping/Clothing,7022113
skyler.theshoppe.com,962061,Top/Shopping/Consumer_Electronics,7022113
beadbargoddess.theshoppe.com,962061,Top/Shopping/Crafts,7022113
www.cherrypie.theshoppe.com,962061,Top/Shopping/Crafts,7022113
www.houseofcloths.theshoppe.com,962061,Top/Shopping/Crafts,7022113
www.isaiahbears.theshoppe.com,962061,Top/Shopping/Crafts,7022113
kainapointdesigns.theshoppe.com,962061,Top/Shopping/Crafts,7022113
www.knot-now.theshoppe.com,962061,Top/Shopping/Crafts,7022113
www.bellasaluti.theshoppe.com,962061,Top/Shopping/Gifts,7022113
fustipulp.theshoppe.com,962061,Top/Shopping/Gifts,7022113
www.printscharming.theshoppe.com,962061,Top/Shopping/Gifts,7022113
wynningcreations.theshoppe.com,962061,Top/Shopping/Gifts,7022113
emuoil.theshoppe.com,962061,Top/Shopping/Health,7022113
www.sensationalsoaps.theshoppe.com,962061,Top/Shopping/Health,7022113
whispers.theshoppe.com,962061,Top/Shopping/Health,7022113
www.adkinsmfg.theshoppe.com,962061,Top/Shopping/Home_and_Garden,7022113
candlesaglow.theshoppe.com,962061,Top/Shopping/Home_and_Garden,7022113
www.kittykisses.theshoppe.com,962061,Top/Shopping/Home_and_Garden,7022113
livingontheporch.theshoppe.com,962061,Top/Shopping/Home_and_Garden,7022113
candle.theshoppe.com,962061,Top/Shopping/Home_and_Garden,7022113
www.tilesbynumbers.theshoppe.com,962061,Top/Shopping/Home_and_Garden,7022113
breastcancerawareness.theshoppe.com,962061,Top/Shopping/Jewelry,7022113
www.rock.theshoppe.com,962061,Top/Shopping/Music,7022113
goodoutdoors.theshoppe.com,962061,Top/Shopping/Sports,7022113
ezj.theshoppe.com,962061,Top/Shopping/Tools,7022113
www.carseats.theshoppe.com,962061,Top/Shopping/Vehicles,7022113
mariagalleries.theshoppe.com,962061,Top/Shopping/Visual_Arts,7022113
monetrenditions.theshoppe.com,962061,Top/Shopping/Visual_Arts,7022113
sunshinesart.theshoppe.com,962061,Top/Shopping/Visual_Arts,7022113
guerrie.7p.com,2453822,Top/Shopping/Antiques_and_Collectibles,8887294
sunflowerscents.7p.com,2453822,Top/Shopping/Crafts,8887294
the-waterworks.7p.com,2453822,Top/Shopping/Home_and_Garden,8887294
johnspage.7p.com,2453822,Top/Shopping/Publications,8887294
cbknot.7p.com,2453822,Top/Shopping/Sports,8887294
www.glo-con.com,574088,Top/Shopping/Classifieds,10025563
cars.glo-con.com,2451950,Top/Shopping/Classifieds,10025563
www.seversonironworks.8k.com,966590,Top/Shopping/Crafts,10362076
www.culturaltreazures.8k.com,966590,Top/Shopping/Ethnic_and_Regional,10362076
bnbgifts.8k.com,966590,Top/Shopping/General_Merchandise,10362076
survival.8k.com,966590,Top/Shopping/Home_and_Garden,10362076
www.medallions.8k.com,966590,Top/Shopping/Jewelry,10362076
www.modernstoneage.8k.com,966590,Top/Shopping/Jewelry,10362076
photorestoration.8k.com,966590,Top/Shopping/Photography,10362076
www.magictouch.8k.com,966590,Top/Shopping/Photography,10362076
www.handbound.8k.com,966590,Top/Shopping/Photography,10362076
wrench.8k.com,966590,Top/Shopping/Tools,10362076
lambertenterprises.8k.com,966590,Top/Shopping/Vehicles,10362076
robertssupply.8k.com,966590,Top/Shopping/Vehicles,10362076
brigitte.8k.com,966590,Top/Shopping/Visual_Arts,10362076
greatlookz.zoovy.com,966590,Top/Shopping/Clothing,11754838
cbpots.zoovy.com,966590,Top/Shopping/Crafts,11754838
www.leos.zoovy.com,966590,Top/Shopping/Home_and_Garden,11754838
allpetsolutions.zoovy.com,966590,Top/Shopping/Pets,11754838
bioqtr.w.interiowo.pl,2454141,Top/Shopping/Health,12300091
paintings.w.interiowo.pl,2454141,Top/Shopping/Visual_Arts,12300091
craft.ontheinternet.com.au,966590,Top/Shopping/Crafts,16479033
whips.ontheinternet.com.au,966590,Top/Shopping/Crafts,16479033
www.greywolf.connectfree.co.uk,966590,Top/Shopping/Clothing,17498336
www.mintylou.connectfree.co.uk,966590,Top/Shopping/Publications,17498336
dir.nightfoxjewelry.com,966590,Top/Shopping/Jewelry,18794779
www.nightfoxjewelry.com,966590,Top/Shopping/Jewelry,18794779
